<?xml version="1.0"?>
<!DOCTYPE stationlist PUBLIC "-//tvtime//DTD stationlist 1.0//EN" "http://tvtime.sourceforge.net/DTD/stationlist1.dtd">
<stationlist xmlns="http://tvtime.sourceforge.net/DTD/">
  <list norm="NTSC" frequencies="US-Cable" audio="bg">
    <station name="1" active="1" position="1" band="US Cable" channel="1" finetune="0"/>
    <station name="2" active="1" position="2" band="US Cable" channel="2" finetune="0"/>
    <station name="3" active="1" position="3" band="US Cable" channel="3" finetune="0"/>
    <station name="4" active="1" position="4" band="US Cable" channel="4" finetune="0"/>
    <station name="5" active="1" position="5" band="US Cable" channel="5" finetune="0"/>
    <station name="6" active="1" position="6" band="US Cable" channel="6" finetune="0"/>
    <station name="7" active="1" position="7" band="US Cable" channel="7" finetune="0"/>
    <station name="8" active="1" position="8" band="US Cable" channel="8" finetune="0"/>
    <station name="9" active="1" position="9" band="US Cable" channel="9" finetune="0"/>
    <station name="10" active="1" position="10" band="US Cable" channel="10" finetune="0"/>
    <station name="11" active="1" position="11" band="US Cable" channel="11" finetune="0"/>
    <station name="12" active="1" position="12" band="US Cable" channel="12" finetune="0"/>
    <station name="13" active="1" position="13" band="US Cable" channel="13" finetune="0"/>
    <station name="14" active="1" position="14" band="US Cable" channel="14" finetune="0"/>
    <station name="15" active="1" position="15" band="US Cable" channel="15" finetune="0"/>
    <station name="16" active="1" position="16" band="US Cable" channel="16" finetune="0"/>
    <station name="17" active="1" position="17" band="US Cable" channel="17" finetune="0"/>
    <station name="18" active="1" position="18" band="US Cable" channel="18" finetune="0"/>
    <station name="19" active="1" position="19" band="US Cable" channel="19" finetune="0"/>
    <station name="20" active="1" position="20" band="US Cable" channel="20" finetune="0"/>
    <station name="21" active="1" position="21" band="US Cable" channel="21" finetune="0"/>
    <station name="22" active="1" position="22" band="US Cable" channel="22" finetune="0"/>
    <station name="23" active="1" position="23" band="US Cable" channel="23" finetune="0"/>
    <station name="24" active="1" position="24" band="US Cable" channel="24" finetune="0"/>
    <station name="25" active="1" position="25" band="US Cable" channel="25" finetune="0"/>
    <station name="26" active="1" position="26" band="US Cable" channel="26" finetune="0"/>
    <station name="27" active="1" position="27" band="US Cable" channel="27" finetune="0"/>
    <station name="28" active="1" position="28" band="US Cable" channel="28" finetune="0"/>
    <station name="29" active="1" position="29" band="US Cable" channel="29" finetune="0"/>
    <station name="30" active="1" position="30" band="US Cable" channel="30" finetune="0"/>
    <station name="31" active="1" position="31" band="US Cable" channel="31" finetune="0"/>
    <station name="32" active="1" position="32" band="US Cable" channel="32" finetune="0"/>
    <station name="33" active="1" position="33" band="US Cable" channel="33" finetune="0"/>
    <station name="34" active="1" position="34" band="US Cable" channel="34" finetune="0"/>
    <station name="35" active="1" position="35" band="US Cable" channel="35" finetune="0"/>
    <station name="36" active="1" position="36" band="US Cable" channel="36" finetune="0"/>
    <station name="37" active="1" position="37" band="US Cable" channel="37" finetune="0"/>
    <station name="38" active="1" position="38" band="US Cable" channel="38" finetune="0"/>
    <station name="39" active="1" position="39" band="US Cable" channel="39" finetune="0"/>
    <station name="40" active="1" position="40" band="US Cable" channel="40" finetune="0"/>
    <station name="41" active="1" position="41" band="US Cable" channel="41" finetune="0"/>
    <station name="42" active="1" position="42" band="US Cable" channel="42" finetune="0"/>
    <station name="43" active="1" position="43" band="US Cable" channel="43" finetune="0"/>
    <station name="44" active="1" position="44" band="US Cable" channel="44" finetune="0"/>
    <station name="45" active="1" position="45" band="US Cable" channel="45" finetune="0"/>
    <station name="46" active="1" position="46" band="US Cable" channel="46" finetune="0"/>
    <station name="47" active="1" position="47" band="US Cable" channel="47" finetune="0"/>
    <station name="48" active="1" position="48" band="US Cable" channel="48" finetune="0"/>
    <station name="49" active="1" position="49" band="US Cable" channel="49" finetune="0"/>
    <station name="50" active="1" position="50" band="US Cable" channel="50" finetune="0"/>
    <station name="51" active="1" position="51" band="US Cable" channel="51" finetune="0"/>
    <station name="52" active="1" position="52" band="US Cable" channel="52" finetune="0"/>
    <station name="53" active="1" position="53" band="US Cable" channel="53" finetune="0"/>
    <station name="54" active="1" position="54" band="US Cable" channel="54" finetune="0"/>
    <station name="55" active="1" position="55" band="US Cable" channel="55" finetune="0"/>
    <station name="56" active="1" position="56" band="US Cable" channel="56" finetune="0"/>
    <station name="57" active="1" position="57" band="US Cable" channel="57" finetune="0"/>
    <station name="58" active="1" position="58" band="US Cable" channel="58" finetune="0"/>
    <station name="59" active="1" position="59" band="US Cable" channel="59" finetune="0"/>
    <station name="60" active="1" position="60" band="US Cable" channel="60" finetune="0"/>
    <station name="61" active="1" position="61" band="US Cable" channel="61" finetune="0"/>
    <station name="62" active="1" position="62" band="US Cable" channel="62" finetune="0"/>
    <station name="63" active="1" position="63" band="US Cable" channel="63" finetune="0"/>
    <station name="64" active="1" position="64" band="US Cable" channel="64" finetune="0"/>
    <station name="65" active="1" position="65" band="US Cable" channel="65" finetune="0"/>
    <station name="66" active="1" position="66" band="US Cable" channel="66" finetune="0"/>
    <station name="67" active="1" position="67" band="US Cable" channel="67" finetune="0"/>
    <station name="68" active="1" position="68" band="US Cable" channel="68" finetune="0"/>
    <station name="69" active="1" position="69" band="US Cable" channel="69" finetune="0"/>
    <station name="70" active="1" position="70" band="US Cable" channel="70" finetune="0"/>
    <station name="71" active="1" position="71" band="US Cable" channel="71" finetune="0"/>
    <station name="72" active="1" position="72" band="US Cable" channel="72" finetune="0"/>
    <station name="73" active="1" position="73" band="US Cable" channel="73" finetune="0"/>
    <station name="74" active="1" position="74" band="US Cable" channel="74" finetune="0"/>
    <station name="75" active="1" position="75" band="US Cable" channel="75" finetune="0"/>
    <station name="76" active="1" position="76" band="US Cable" channel="76" finetune="0"/>
    <station name="77" active="1" position="77" band="US Cable" channel="77" finetune="0"/>
    <station name="78" active="1" position="78" band="US Cable" channel="78" finetune="0"/>
    <station name="79" active="1" position="79" band="US Cable" channel="79" finetune="0"/>
    <station name="80" active="1" position="80" band="US Cable" channel="80" finetune="0"/>
    <station name="81" active="1" position="81" band="US Cable" channel="81" finetune="0"/>
    <station name="82" active="1" position="82" band="US Cable" channel="82" finetune="0"/>
    <station name="83" active="1" position="83" band="US Cable" channel="83" finetune="0"/>
    <station name="84" active="1" position="84" band="US Cable" channel="84" finetune="0"/>
    <station name="85" active="1" position="85" band="US Cable" channel="85" finetune="0"/>
    <station name="86" active="1" position="86" band="US Cable" channel="86" finetune="0"/>
    <station name="87" active="1" position="87" band="US Cable" channel="87" finetune="0"/>
    <station name="88" active="1" position="88" band="US Cable" channel="88" finetune="0"/>
    <station name="89" active="1" position="89" band="US Cable" channel="89" finetune="0"/>
    <station name="90" active="1" position="90" band="US Cable" channel="90" finetune="0"/>
    <station name="91" active="1" position="91" band="US Cable" channel="91" finetune="0"/>
    <station name="92" active="1" position="92" band="US Cable" channel="92" finetune="0"/>
    <station name="93" active="1" position="93" band="US Cable" channel="93" finetune="0"/>
    <station name="94" active="1" position="94" band="US Cable" channel="94" finetune="0"/>
    <station name="95" active="1" position="95" band="US Cable" channel="95" finetune="0"/>
    <station name="96" active="1" position="96" band="US Cable" channel="96" finetune="0"/>
    <station name="97" active="1" position="97" band="US Cable" channel="97" finetune="0"/>
    <station name="98" active="1" position="98" band="US Cable" channel="98" finetune="0"/>
    <station name="99" active="1" position="99" band="US Cable" channel="99" finetune="0"/>
  </list>
  <list norm="SECAM" frequencies="US-Cable" audio="dk">
    <station name="1" active="0" position="1" band="US Cable" channel="1" finetune="0"/>
    <station name="2" active="0" position="2" band="US Cable" channel="2" finetune="0"/>
    <station name="3" active="0" position="3" band="US Cable" channel="3" finetune="0"/>
    <station name="4" active="0" position="4" band="US Cable" channel="4" finetune="0"/>
    <station name="5" active="0" position="5" band="US Cable" channel="5" finetune="0"/>
    <station name="6" active="0" position="6" band="US Cable" channel="6" finetune="0"/>
    <station name="7" active="1" position="7" band="US Cable" channel="7" finetune="0"/>
    <station name="8" active="0" position="8" band="US Cable" channel="8" finetune="0"/>
    <station name="9" active="0" position="9" band="US Cable" channel="9" finetune="0"/>
    <station name="10" active="0" position="10" band="US Cable" channel="10" finetune="0"/>
    <station name="11" active="1" position="11" band="US Cable" channel="11" finetune="0"/>
    <station name="12" active="0" position="12" band="US Cable" channel="12" finetune="0"/>
    <station name="13" active="0" position="13" band="US Cable" channel="13" finetune="0"/>
    <station name="14" active="0" position="14" band="US Cable" channel="14" finetune="0"/>
    <station name="15" active="1" position="15" band="US Cable" channel="15" finetune="0"/>
    <station name="16" active="0" position="16" band="US Cable" channel="16" finetune="0"/>
    <station name="17" active="0" position="17" band="US Cable" channel="17" finetune="0"/>
    <station name="18" active="0" position="18" band="US Cable" channel="18" finetune="0"/>
    <station name="19" active="1" position="19" band="US Cable" channel="19" finetune="0"/>
    <station name="20" active="0" position="20" band="US Cable" channel="20" finetune="0"/>
    <station name="21" active="0" position="21" band="US Cable" channel="21" finetune="0"/>
    <station name="22" active="0" position="22" band="US Cable" channel="22" finetune="0"/>
    <station name="23" active="0" position="23" band="US Cable" channel="23" finetune="0"/>
    <station name="24" active="1" position="24" band="US Cable" channel="24" finetune="0"/>
    <station name="25" active="0" position="25" band="US Cable" channel="25" finetune="0"/>
    <station name="26" active="0" position="26" band="US Cable" channel="26" finetune="0"/>
    <station name="27" active="0" position="27" band="US Cable" channel="27" finetune="0"/>
    <station name="28" active="1" position="28" band="US Cable" channel="28" finetune="0"/>
    <station name="29" active="0" position="29" band="US Cable" channel="29" finetune="0"/>
    <station name="30" active="0" position="30" band="US Cable" channel="30" finetune="0"/>
    <station name="31" active="0" position="31" band="US Cable" channel="31" finetune="0"/>
    <station name="32" active="0" position="32" band="US Cable" channel="32" finetune="0"/>
    <station name="33" active="0" position="33" band="US Cable" channel="33" finetune="0"/>
    <station name="34" active="0" position="34" band="US Cable" channel="34" finetune="0"/>
    <station name="35" active="0" position="35" band="US Cable" channel="35" finetune="0"/>
    <station name="36" active="0" position="36" band="US Cable" channel="36" finetune="0"/>
    <station name="37" active="0" position="37" band="US Cable" channel="37" finetune="0"/>
    <station name="38" active="0" position="38" band="US Cable" channel="38" finetune="0"/>
    <station name="39" active="0" position="39" band="US Cable" channel="39" finetune="0"/>
    <station name="40" active="0" position="40" band="US Cable" channel="40" finetune="0"/>
    <station name="41" active="0" position="41" band="US Cable" channel="41" finetune="0"/>
    <station name="42" active="0" position="42" band="US Cable" channel="42" finetune="0"/>
    <station name="43" active="0" position="43" band="US Cable" channel="43" finetune="0"/>
    <station name="44" active="0" position="44" band="US Cable" channel="44" finetune="0"/>
    <station name="45" active="0" position="45" band="US Cable" channel="45" finetune="0"/>
    <station name="46" active="0" position="46" band="US Cable" channel="46" finetune="0"/>
    <station name="47" active="0" position="47" band="US Cable" channel="47" finetune="0"/>
    <station name="48" active="0" position="48" band="US Cable" channel="48" finetune="0"/>
    <station name="49" active="0" position="49" band="US Cable" channel="49" finetune="0"/>
    <station name="50" active="0" position="50" band="US Cable" channel="50" finetune="0"/>
    <station name="51" active="0" position="51" band="US Cable" channel="51" finetune="0"/>
    <station name="52" active="0" position="52" band="US Cable" channel="52" finetune="0"/>
    <station name="53" active="0" position="53" band="US Cable" channel="53" finetune="0"/>
    <station name="54" active="0" position="54" band="US Cable" channel="54" finetune="0"/>
    <station name="55" active="0" position="55" band="US Cable" channel="55" finetune="0"/>
    <station name="56" active="0" position="56" band="US Cable" channel="56" finetune="0"/>
    <station name="57" active="0" position="57" band="US Cable" channel="57" finetune="0"/>
    <station name="58" active="0" position="58" band="US Cable" channel="58" finetune="0"/>
    <station name="59" active="0" position="59" band="US Cable" channel="59" finetune="0"/>
    <station name="60" active="0" position="60" band="US Cable" channel="60" finetune="0"/>
    <station name="61" active="0" position="61" band="US Cable" channel="61" finetune="0"/>
    <station name="62" active="0" position="62" band="US Cable" channel="62" finetune="0"/>
    <station name="63" active="0" position="63" band="US Cable" channel="63" finetune="0"/>
    <station name="64" active="0" position="64" band="US Cable" channel="64" finetune="0"/>
    <station name="65" active="0" position="65" band="US Cable" channel="65" finetune="0"/>
    <station name="66" active="0" position="66" band="US Cable" channel="66" finetune="0"/>
    <station name="67" active="0" position="67" band="US Cable" channel="67" finetune="0"/>
    <station name="68" active="0" position="68" band="US Cable" channel="68" finetune="0"/>
    <station name="69" active="0" position="69" band="US Cable" channel="69" finetune="0"/>
    <station name="70" active="0" position="70" band="US Cable" channel="70" finetune="0"/>
    <station name="71" active="0" position="71" band="US Cable" channel="71" finetune="0"/>
    <station name="72" active="1" position="72" band="US Cable" channel="72" finetune="0"/>
    <station name="73" active="0" position="73" band="US Cable" channel="73" finetune="0"/>
    <station name="74" active="0" position="74" band="US Cable" channel="74" finetune="0"/>
    <station name="75" active="0" position="75" band="US Cable" channel="75" finetune="0"/>
    <station name="76" active="0" position="76" band="US Cable" channel="76" finetune="0"/>
    <station name="77" active="0" position="77" band="US Cable" channel="77" finetune="0"/>
    <station name="78" active="0" position="78" band="US Cable" channel="78" finetune="0"/>
    <station name="79" active="0" position="79" band="US Cable" channel="79" finetune="0"/>
    <station name="80" active="0" position="80" band="US Cable" channel="80" finetune="0"/>
    <station name="81" active="0" position="81" band="US Cable" channel="81" finetune="0"/>
    <station name="82" active="0" position="82" band="US Cable" channel="82" finetune="0"/>
    <station name="83" active="0" position="83" band="US Cable" channel="83" finetune="0"/>
    <station name="84" active="0" position="84" band="US Cable" channel="84" finetune="0"/>
    <station name="85" active="0" position="85" band="US Cable" channel="85" finetune="0"/>
    <station name="86" active="0" position="86" band="US Cable" channel="86" finetune="0"/>
    <station name="87" active="0" position="87" band="US Cable" channel="87" finetune="0"/>
    <station name="88" active="0" position="88" band="US Cable" channel="88" finetune="0"/>
    <station name="89" active="0" position="89" band="US Cable" channel="89" finetune="0"/>
    <station name="90" active="0" position="90" band="US Cable" channel="90" finetune="0"/>
    <station name="91" active="0" position="91" band="US Cable" channel="91" finetune="0"/>
    <station name="92" active="1" position="92" band="US Cable" channel="92" finetune="0"/>
    <station name="93" active="0" position="93" band="US Cable" channel="93" finetune="0"/>
    <station name="94" active="0" position="94" band="US Cable" channel="94" finetune="0"/>
    <station name="95" active="0" position="95" band="US Cable" channel="95" finetune="0"/>
    <station name="96" active="0" position="96" band="US Cable" channel="96" finetune="0"/>
    <station name="97" active="0" position="97" band="US Cable" channel="97" finetune="0"/>
    <station name="98" active="0" position="98" band="US Cable" channel="98" finetune="0"/>
    <station name="99" active="0" position="99" band="US Cable" channel="99" finetune="0"/>
  </list>
  <list norm="PAL" frequencies="US-Cable" audio="bg">
    <station name="1" active="0" position="1" band="US Cable" channel="1" finetune="0" audio="dk"/>
    <station name="2" active="0" position="2" band="US Cable" channel="2" finetune="0"/>
    <station name="3" active="0" position="3" band="US Cable" channel="3" finetune="0"/>
    <station name="4" active="0" position="4" band="US Cable" channel="4" finetune="0"/>
    <station name="5" active="0" position="5" band="US Cable" channel="5" finetune="0"/>
    <station name="6" active="0" position="6" band="US Cable" channel="6" finetune="0"/>
    <station name="7" active="0" position="7" band="US Cable" channel="7" finetune="0"/>
    <station name="8" active="0" position="8" band="US Cable" channel="8" finetune="0"/>
    <station name="9" active="0" position="9" band="US Cable" channel="9" finetune="0"/>
    <station name="10" active="0" position="10" band="US Cable" channel="10" finetune="0"/>
    <station name="11" active="0" position="11" band="US Cable" channel="11" finetune="0"/>
    <station name="12" active="0" position="12" band="US Cable" channel="12" finetune="0"/>
    <station name="13" active="0" position="13" band="US Cable" channel="13" finetune="0"/>
    <station name="14" active="0" position="14" band="US Cable" channel="14" finetune="0"/>
    <station name="15" active="0" position="15" band="US Cable" channel="15" finetune="0"/>
    <station name="16" active="0" position="16" band="US Cable" channel="16" finetune="0"/>
    <station name="17" active="0" position="17" band="US Cable" channel="17" finetune="0"/>
    <station name="18" active="0" position="18" band="US Cable" channel="18" finetune="0"/>
    <station name="19" active="0" position="19" band="US Cable" channel="19" finetune="0"/>
    <station name="20" active="0" position="20" band="US Cable" channel="20" finetune="0"/>
    <station name="21" active="0" position="21" band="US Cable" channel="21" finetune="0"/>
    <station name="22" active="0" position="22" band="US Cable" channel="22" finetune="0"/>
    <station name="23" active="0" position="23" band="US Cable" channel="23" finetune="0"/>
    <station name="24" active="0" position="24" band="US Cable" channel="24" finetune="0"/>
    <station name="25" active="0" position="25" band="US Cable" channel="25" finetune="0"/>
    <station name="26" active="0" position="26" band="US Cable" channel="26" finetune="0"/>
    <station name="27" active="0" position="27" band="US Cable" channel="27" finetune="0"/>
    <station name="28" active="0" position="28" band="US Cable" channel="28" finetune="0"/>
    <station name="29" active="0" position="29" band="US Cable" channel="29" finetune="0"/>
    <station name="30" active="0" position="30" band="US Cable" channel="30" finetune="0"/>
    <station name="31" active="0" position="31" band="US Cable" channel="31" finetune="0"/>
    <station name="32" active="0" position="32" band="US Cable" channel="32" finetune="0"/>
    <station name="33" active="0" position="33" band="US Cable" channel="33" finetune="0"/>
    <station name="34" active="0" position="34" band="US Cable" channel="34" finetune="0"/>
    <station name="35" active="0" position="35" band="US Cable" channel="35" finetune="0"/>
    <station name="36" active="0" position="36" band="US Cable" channel="36" finetune="0"/>
    <station name="37" active="0" position="37" band="US Cable" channel="37" finetune="0"/>
    <station name="38" active="0" position="38" band="US Cable" channel="38" finetune="0"/>
    <station name="39" active="0" position="39" band="US Cable" channel="39" finetune="0"/>
    <station name="40" active="0" position="40" band="US Cable" channel="40" finetune="0"/>
    <station name="41" active="0" position="41" band="US Cable" channel="41" finetune="0"/>
    <station name="42" active="0" position="42" band="US Cable" channel="42" finetune="0"/>
    <station name="43" active="0" position="43" band="US Cable" channel="43" finetune="0"/>
    <station name="44" active="0" position="44" band="US Cable" channel="44" finetune="0"/>
    <station name="45" active="0" position="45" band="US Cable" channel="45" finetune="0"/>
    <station name="46" active="0" position="46" band="US Cable" channel="46" finetune="0"/>
    <station name="47" active="0" position="47" band="US Cable" channel="47" finetune="0"/>
    <station name="48" active="0" position="48" band="US Cable" channel="48" finetune="0"/>
    <station name="49" active="0" position="49" band="US Cable" channel="49" finetune="0"/>
    <station name="50" active="0" position="50" band="US Cable" channel="50" finetune="0"/>
    <station name="51" active="0" position="51" band="US Cable" channel="51" finetune="0"/>
    <station name="52" active="0" position="52" band="US Cable" channel="52" finetune="0"/>
    <station name="53" active="0" position="53" band="US Cable" channel="53" finetune="0"/>
    <station name="54" active="0" position="54" band="US Cable" channel="54" finetune="0"/>
    <station name="55" active="0" position="55" band="US Cable" channel="55" finetune="0"/>
    <station name="56" active="0" position="56" band="US Cable" channel="56" finetune="0"/>
    <station name="57" active="0" position="57" band="US Cable" channel="57" finetune="0"/>
    <station name="58" active="0" position="58" band="US Cable" channel="58" finetune="0"/>
    <station name="59" active="0" position="59" band="US Cable" channel="59" finetune="0"/>
    <station name="60" active="0" position="60" band="US Cable" channel="60" finetune="0"/>
    <station name="61" active="0" position="61" band="US Cable" channel="61" finetune="0"/>
    <station name="62" active="0" position="62" band="US Cable" channel="62" finetune="0"/>
    <station name="63" active="0" position="63" band="US Cable" channel="63" finetune="0"/>
    <station name="64" active="0" position="64" band="US Cable" channel="64" finetune="0"/>
    <station name="65" active="0" position="65" band="US Cable" channel="65" finetune="0"/>
    <station name="66" active="0" position="66" band="US Cable" channel="66" finetune="0"/>
    <station name="67" active="0" position="67" band="US Cable" channel="67" finetune="0"/>
    <station name="68" active="0" position="68" band="US Cable" channel="68" finetune="0"/>
    <station name="69" active="0" position="69" band="US Cable" channel="69" finetune="0"/>
    <station name="70" active="0" position="70" band="US Cable" channel="70" finetune="0"/>
    <station name="71" active="0" position="71" band="US Cable" channel="71" finetune="0"/>
    <station name="72" active="1" position="72" band="US Cable" channel="72" finetune="0"/>
    <station name="73" active="1" position="73" band="US Cable" channel="73" finetune="0"/>
    <station name="74" active="1" position="74" band="US Cable" channel="74" finetune="0"/>
    <station name="75" active="1" position="75" band="US Cable" channel="75" finetune="0"/>
    <station name="76" active="1" position="76" band="US Cable" channel="76" finetune="0"/>
    <station name="77" active="1" position="77" band="US Cable" channel="77" finetune="0"/>
    <station name="78" active="1" position="78" band="US Cable" channel="78" finetune="0"/>
    <station name="79" active="1" position="79" band="US Cable" channel="79" finetune="0"/>
    <station name="80" active="1" position="80" band="US Cable" channel="80" finetune="0"/>
    <station name="81" active="1" position="81" band="US Cable" channel="81" finetune="0"/>
    <station name="82" active="1" position="82" band="US Cable" channel="82" finetune="0"/>
    <station name="83" active="1" position="83" band="US Cable" channel="83" finetune="0"/>
    <station name="84" active="1" position="84" band="US Cable" channel="84" finetune="0"/>
    <station name="85" active="1" position="85" band="US Cable" channel="85" finetune="0"/>
    <station name="86" active="1" position="86" band="US Cable" channel="86" finetune="0"/>
    <station name="87" active="1" position="87" band="US Cable" channel="87" finetune="0"/>
    <station name="88" active="1" position="88" band="US Cable" channel="88" finetune="0"/>
    <station name="89" active="1" position="89" band="US Cable" channel="89" finetune="0"/>
    <station name="90" active="1" position="90" band="US Cable" channel="90" finetune="0"/>
    <station name="91" active="1" position="91" band="US Cable" channel="91" finetune="0"/>
    <station name="92" active="1" position="92" band="US Cable" channel="92" finetune="0"/>
    <station name="93" active="1" position="93" band="US Cable" channel="93" finetune="0"/>
    <station name="94" active="1" position="94" band="US Cable" channel="94" finetune="0"/>
    <station name="95" active="1" position="95" band="US Cable" channel="95" finetune="0"/>
    <station name="96" active="1" position="96" band="US Cable" channel="96" finetune="0"/>
    <station name="97" active="1" position="97" band="US Cable" channel="97" finetune="0"/>
    <station name="98" active="1" position="98" band="US Cable" channel="98" finetune="0"/>
    <station name="99" active="1" position="99" band="US Cable" channel="99" finetune="0"/>
  </list>
  <list norm="PAL" frequencies="russia" audio="bg">
    <station name="1" active="1" position="1" band="VHF Russia" channel="R1" finetune="0"/>
    <station name="2" active="1" position="2" band="VHF Russia" channel="R2" finetune="0"/>
    <station name="3" active="1" position="3" band="VHF Russia" channel="R3" finetune="0"/>
    <station name="4" active="1" position="4" band="VHF Russia" channel="R4" finetune="0"/>
    <station name="5" active="1" position="5" band="VHF Russia" channel="R5" finetune="0"/>
    <station name="6" active="1" position="6" band="VHF Russia" channel="R6" finetune="0"/>
    <station name="7" active="1" position="7" band="VHF Russia" channel="R7" finetune="0"/>
    <station name="8" active="1" position="8" band="VHF Russia" channel="R8" finetune="0"/>
    <station name="9" active="1" position="9" band="VHF Russia" channel="R9" finetune="0"/>
    <station name="10" active="1" position="10" band="VHF Russia" channel="R10" finetune="0"/>
    <station name="11" active="1" position="11" band="VHF Russia" channel="R11" finetune="0"/>
    <station name="12" active="1" position="12" band="VHF Russia" channel="R12" finetune="0"/>
    <station name="13" active="1" position="13" band="VHF Russia" channel="SR1" finetune="0"/>
    <station name="14" active="1" position="14" band="VHF Russia" channel="SR2" finetune="0"/>
    <station name="15" active="1" position="15" band="VHF Russia" channel="SR3" finetune="0"/>
    <station name="16" active="1" position="16" band="VHF Russia" channel="SR4" finetune="0"/>
    <station name="17" active="1" position="17" band="VHF Russia" channel="SR5" finetune="0"/>
    <station name="18" active="1" position="18" band="VHF Russia" channel="SR6" finetune="0"/>
    <station name="19" active="1" position="19" band="VHF Russia" channel="SR7" finetune="0"/>
    <station name="20" active="1" position="20" band="VHF Russia" channel="SR8" finetune="0"/>
    <station name="21" active="1" position="21" band="VHF Russia" channel="SR11" finetune="0"/>
    <station name="22" active="1" position="22" band="VHF Russia" channel="SR12" finetune="0"/>
    <station name="23" active="1" position="23" band="VHF Russia" channel="SR13" finetune="0"/>
    <station name="24" active="1" position="24" band="VHF Russia" channel="SR14" finetune="0"/>
    <station name="25" active="1" position="25" band="VHF Russia" channel="SR15" finetune="0"/>
    <station name="26" active="1" position="26" band="VHF Russia" channel="SR16" finetune="0"/>
    <station name="27" active="1" position="27" band="VHF Russia" channel="SR17" finetune="0"/>
    <station name="28" active="1" position="28" band="VHF Russia" channel="SR18" finetune="0"/>
    <station name="29" active="1" position="29" band="VHF Russia" channel="SR19" finetune="0"/>
    <station name="30" active="1" position="30" band="UHF" channel="U21" finetune="0"/>
    <station name="31" active="1" position="31" band="UHF" channel="U22" finetune="0"/>
    <station name="32" active="1" position="32" band="UHF" channel="U23" finetune="0"/>
    <station name="33" active="1" position="33" band="UHF" channel="U24" finetune="0"/>
    <station name="34" active="1" position="34" band="UHF" channel="U25" finetune="0"/>
    <station name="35" active="1" position="35" band="UHF" channel="U26" finetune="0"/>
    <station name="36" active="1" position="36" band="UHF" channel="U27" finetune="0"/>
    <station name="37" active="1" position="37" band="UHF" channel="U28" finetune="0"/>
    <station name="38" active="1" position="38" band="UHF" channel="U29" finetune="0"/>
    <station name="39" active="1" position="39" band="UHF" channel="U30" finetune="0"/>
    <station name="40" active="1" position="40" band="UHF" channel="U31" finetune="0"/>
    <station name="41" active="1" position="41" band="UHF" channel="U32" finetune="0"/>
    <station name="42" active="1" position="42" band="UHF" channel="U33" finetune="0"/>
    <station name="43" active="1" position="43" band="UHF" channel="U34" finetune="0"/>
    <station name="44" active="1" position="44" band="UHF" channel="U35" finetune="0"/>
    <station name="45" active="1" position="45" band="UHF" channel="U36" finetune="0"/>
    <station name="46" active="1" position="46" band="UHF" channel="U37" finetune="0"/>
    <station name="47" active="1" position="47" band="UHF" channel="U38" finetune="0"/>
    <station name="48" active="1" position="48" band="UHF" channel="U39" finetune="0"/>
    <station name="49" active="1" position="49" band="UHF" channel="U40" finetune="0"/>
    <station name="50" active="1" position="50" band="UHF" channel="U41" finetune="0"/>
    <station name="51" active="1" position="51" band="UHF" channel="U42" finetune="0"/>
    <station name="52" active="1" position="52" band="UHF" channel="U43" finetune="0"/>
    <station name="53" active="1" position="53" band="UHF" channel="U44" finetune="0"/>
    <station name="54" active="1" position="54" band="UHF" channel="U45" finetune="0"/>
    <station name="55" active="1" position="55" band="UHF" channel="U46" finetune="0"/>
    <station name="56" active="1" position="56" band="UHF" channel="U47" finetune="0"/>
    <station name="57" active="1" position="57" band="UHF" channel="U48" finetune="0"/>
    <station name="58" active="1" position="58" band="UHF" channel="U49" finetune="0"/>
    <station name="59" active="1" position="59" band="UHF" channel="U50" finetune="0"/>
    <station name="60" active="1" position="60" band="UHF" channel="U51" finetune="0"/>
    <station name="61" active="1" position="61" band="UHF" channel="U52" finetune="0"/>
    <station name="62" active="1" position="62" band="UHF" channel="U53" finetune="0"/>
    <station name="63" active="1" position="63" band="UHF" channel="U54" finetune="0"/>
    <station name="64" active="1" position="64" band="UHF" channel="U55" finetune="0"/>
    <station name="65" active="1" position="65" band="UHF" channel="U56" finetune="0"/>
    <station name="66" active="1" position="66" band="UHF" channel="U57" finetune="0"/>
    <station name="67" active="1" position="67" band="UHF" channel="U58" finetune="0"/>
    <station name="68" active="1" position="68" band="UHF" channel="U59" finetune="0"/>
    <station name="69" active="1" position="69" band="UHF" channel="U60" finetune="0"/>
    <station name="70" active="1" position="70" band="UHF" channel="U61" finetune="0"/>
    <station name="71" active="1" position="71" band="UHF" channel="U62" finetune="0"/>
    <station name="72" active="1" position="72" band="UHF" channel="U63" finetune="0"/>
    <station name="73" active="1" position="73" band="UHF" channel="U64" finetune="0"/>
    <station name="74" active="1" position="74" band="UHF" channel="U65" finetune="0"/>
    <station name="75" active="1" position="75" band="UHF" channel="U66" finetune="0"/>
    <station name="76" active="1" position="76" band="UHF" channel="U67" finetune="0"/>
    <station name="77" active="1" position="77" band="UHF" channel="U68" finetune="0"/>
    <station name="78" active="1" position="78" band="UHF" channel="U69" finetune="0"/>
    <station name="79" active="1" position="79" band="VHF S1-S41" channel="S1" finetune="0"/>
    <station name="80" active="1" position="80" band="VHF S1-S41" channel="S2" finetune="0"/>
    <station name="81" active="1" position="81" band="VHF S1-S41" channel="S4" finetune="0"/>
    <station name="82" active="1" position="82" band="VHF S1-S41" channel="S5" finetune="0"/>
    <station name="83" active="1" position="83" band="VHF S1-S41" channel="S6" finetune="0"/>
    <station name="84" active="1" position="84" band="VHF S1-S41" channel="S7" finetune="0"/>
    <station name="85" active="1" position="85" band="VHF S1-S41" channel="S8" finetune="0"/>
    <station name="86" active="1" position="86" band="VHF S1-S41" channel="S9" finetune="0"/>
    <station name="87" active="1" position="87" band="VHF S1-S41" channel="S10" finetune="0"/>
    <station name="88" active="1" position="88" band="VHF S1-S41" channel="S12" finetune="0"/>
    <station name="89" active="1" position="89" band="VHF S1-S41" channel="S13" finetune="0"/>
    <station name="90" active="1" position="90" band="VHF S1-S41" channel="S14" finetune="0"/>
    <station name="91" active="1" position="91" band="VHF S1-S41" channel="S15" finetune="0"/>
    <station name="92" active="1" position="92" band="VHF S1-S41" channel="S16" finetune="0"/>
    <station name="93" active="1" position="93" band="VHF S1-S41" channel="S17" finetune="0"/>
    <station name="94" active="1" position="94" band="VHF S1-S41" channel="S18" finetune="0"/>
    <station name="95" active="1" position="95" band="VHF S1-S41" channel="S20" finetune="0"/>
    <station name="96" active="1" position="96" band="VHF S1-S41" channel="S21" finetune="0"/>
    <station name="97" active="1" position="97" band="VHF S1-S41" channel="S22" finetune="0"/>
    <station name="98" active="1" position="98" band="VHF S1-S41" channel="S23" finetune="0"/>
    <station name="99" active="1" position="99" band="VHF S1-S41" channel="S24" finetune="0"/>
    <station name="100" active="1" position="100" band="VHF S1-S41" channel="S25" finetune="0"/>
    <station name="101" active="1" position="101" band="VHF S1-S41" channel="S26" finetune="0"/>
    <station name="102" active="1" position="102" band="VHF S1-S41" channel="S27" finetune="0"/>
    <station name="103" active="1" position="103" band="VHF S1-S41" channel="S28" finetune="0"/>
    <station name="104" active="1" position="104" band="VHF S1-S41" channel="S29" finetune="0"/>
    <station name="105" active="1" position="105" band="VHF S1-S41" channel="S30" finetune="0"/>
    <station name="106" active="1" position="106" band="VHF S1-S41" channel="S31" finetune="0"/>
    <station name="107" active="1" position="107" band="VHF S1-S41" channel="S32" finetune="0"/>
    <station name="108" active="1" position="108" band="VHF S1-S41" channel="S33" finetune="0"/>
    <station name="109" active="1" position="109" band="VHF S1-S41" channel="S34" finetune="0"/>
    <station name="110" active="1" position="110" band="VHF S1-S41" channel="S35" finetune="0"/>
    <station name="111" active="1" position="111" band="VHF S1-S41" channel="S36" finetune="0"/>
    <station name="112" active="1" position="112" band="VHF S1-S41" channel="S37" finetune="0"/>
    <station name="113" active="1" position="113" band="VHF S1-S41" channel="S38" finetune="0"/>
    <station name="114" active="1" position="114" band="VHF S1-S41" channel="S39" finetune="0"/>
    <station name="115" active="1" position="115" band="VHF S1-S41" channel="S40" finetune="0"/>
    <station name="116" active="1" position="116" band="VHF S1-S41" channel="S41" finetune="0"/>
  </list>
  <list norm="SECAM" frequencies="Custom" audio="dk">
    <station name="&#x420;&#x43E;&#x441;&#x441;&#x438;&#x44F; 1" active="1" position="2" band="Custom" channel="59,50MHz" finetune="0" norm="SECAM" audio="auto"/>
    <station name="&#x41D;&#x422;&#x412;" active="1" position="8" band="Custom" channel="119,50MHz" finetune="0" norm="SECAM" audio="auto"/>
    <station name="&#x420;&#x411;&#x41A;-&#x422;&#x412;" active="1" position="7" band="Custom" channel="111,50MHz" finetune="0" norm="SECAM" audio="auto"/>
    <station name="&#x41D;&#x422;&#x412;" active="1" position="8" band="Custom" channel="119,50MHz" finetune="0" norm="SECAM" audio="auto"/>
    <station name="MTV" active="1" position="9" band="Custom" channel="127,50MHz" finetune="0" norm="SECAM" audio="auto"/>
    <station name="&#x422;&#x41D;&#x422;" active="1" position="10" band="Custom" channel="135,50MHz" finetune="0" norm="SECAM" audio="auto"/>
    <station name="&#x421;&#x422;&#x421;" active="1" position="11" band="Custom" channel="143,25MHz" finetune="0" norm="SECAM" audio="auto"/>
    <station name="&#x422;&#x412;3" active="1" position="14" band="Custom" channel="151,50MHz" finetune="0" norm="SECAM" audio="auto"/>
    <station name="REN" active="1" position="15" band="Custom" channel="159,25MHz" finetune="0" norm="SECAM" audio="auto"/>
    <station name="&#x420;&#x43E;&#x441;&#x441;&#x438;&#x44F; 2" active="1" position="17" band="Custom" channel="175,50MHz" finetune="0" norm="SECAM" audio="auto"/>
    <station name="&#x420;&#x43E;&#x441;&#x441;&#x438;&#x44F; &#x41A;" active="1" position="18" band="Custom" channel="183,50MHz" finetune="0" norm="SECAM" audio="auto"/>
    <station name="&#x422;&#x412;-&#x426;&#x435;&#x43D;&#x442;&#x440;" active="1" position="20" band="Custom" channel="199,50MHz" finetune="0" norm="SECAM" audio="auto"/>
    <station name="&#x41C;&#x43E;&#x441;&#x43A;&#x432;&#x430; 24" active="1" position="21" band="Custom" channel="207,50MHz" finetune="0" norm="SECAM" audio="auto"/>
    <station name="&#x41F;&#x435;&#x440;&#x432;&#x44B;&#x439; &#x43A;&#x430;&#x43D;&#x430;&#x43B;" active="1" position="22" band="Custom" channel="223,50MHz" finetune="0" norm="SECAM" audio="auto"/>
    <station name="&#x414;&#x43E;&#x432;&#x435;&#x440;&#x438;&#x435;" active="1" position="23" band="Custom" channel="231,50MHz" finetune="0" norm="SECAM" audio="auto"/>
    <station name="&#x41C;&#x423;&#x417;" active="1" position="24" band="Custom" channel="239,50MHz" finetune="0" norm="SECAM" audio="auto"/>
    <station name="???" active="1" position="74" band="Custom" channel="815,50MHz" finetune="0" norm="SECAM" audio="auto"/>
    <station name="&#x41F;&#x440;&#x43E;&#x43C;&#x43E; &#x43A;&#x430;&#x43D;&#x430;&#x43B;" active="1" position="26" band="Custom" channel="255,50MHz" finetune="0" norm="SECAM" audio="auto"/>
    <station name="???" active="1" position="37" band="Custom" channel="471,50MHz" finetune="0" norm="SECAM" audio="auto"/>
    <station name="&#x41D;&#x41A;&#x421;-&#x418;&#x43D;&#x444;&#x43E; / Top Shop TV" active="1" position="39" band="Custom" channel="495,50MHz" finetune="0" norm="SECAM" audio="auto"/>
    <station name="&#x41F;&#x435;&#x440;&#x435;&#x446;" active="1" position="40" band="Custom" channel="511,25MHz" finetune="0" norm="SECAM" audio="auto"/>
    <station name="&#x420;&#x43E;&#x441;&#x441;&#x438;&#x44F; 24" active="1" position="41" band="Custom" channel="527,50MHz" finetune="0" norm="SECAM" audio="auto"/>
    <station name="2&#x445;2" active="1" position="44" band="Custom" channel="543,50MHz" finetune="0" norm="SECAM" audio="auto"/>
    <station name="&#x41E;2&#x422;&#x412;" active="1" position="48" band="Custom" channel="575,50MHz" finetune="0" norm="SECAM" audio="auto"/>
    <station name="&#x414;&#x43E;&#x43C;&#x430;&#x448;&#x43D;&#x438;&#x439;" active="1" position="49" band="Custom" channel="591,50MHz" finetune="0" norm="SECAM" audio="auto"/>
    <station name="&#x424;&#x435;&#x43D;&#x438;&#x43A;&#x441;+&#x43A;&#x438;&#x43D;&#x43E;" active="1" position="51" band="Custom" channel="599,50MHz" finetune="0" norm="SECAM" audio="auto"/>
    <station name="Disney" active="1" position="52" band="Custom" channel="615,50MHz" finetune="0" norm="SECAM" audio="auto"/>
    <station name="TLC" active="1" position="53" band="Custom" channel="623,50MHz" finetune="0" norm="SECAM" audio="auto"/>
    <station name="&#x417;&#x432;&#x435;&#x437;&#x434;&#x430;" active="1" position="55" band="Custom" channel="631,50MHz" finetune="0" norm="SECAM" audio="auto"/>
    <station name="RU TV" active="1" position="56" band="Custom" channel="639,50MHz" finetune="0" norm="SECAM" audio="auto"/>
    <station name="&#x41F;&#x44F;&#x442;&#x44B;&#x439; &#x43A;&#x430;&#x43D;&#x430;&#x43B;" active="1" position="57" band="Custom" channel="647,50MHz" finetune="0" norm="SECAM" audio="auto"/>
    <station name="EuroNews" active="1" position="58" band="Custom" channel="663,50MHz" finetune="0" norm="SECAM" audio="auto"/>
    <station name="&#x41F;&#x43E;&#x434;&#x43C;&#x43E;&#x441;&#x43A;&#x43E;&#x432;&#x44C;&#x435;" active="1" position="60" band="Custom" channel="679,50MHz" finetune="0" norm="SECAM" audio="auto"/>
    <station name="Discovery Channel" active="1" position="61" band="Custom" channel="703,50MHz" finetune="0" norm="SECAM" audio="auto"/>
    <station name="Animal Planet" active="1" position="62" band="Custom" channel="719,50MHz" finetune="0" norm="SECAM" audio="auto"/>
    <station name="&#x41C;&#x43E;&#x44F; &#x43F;&#x43B;&#x430;&#x43D;&#x435;&#x442;&#x430;" active="1" position="63" band="Custom" channel="727,50MHz" finetune="0" norm="SECAM" audio="auto"/>
    <station name="Eurosport" active="1" position="64" band="Custom" channel="735,50MHz" finetune="0" norm="SECAM" audio="auto"/>
    <station name="&#x421;&#x43F;&#x43E;&#x440;&#x442; 1" active="1" position="65" band="Custom" channel="743,50MHz" finetune="0" norm="SECAM" audio="auto"/>
    <station name="Eurosport 2" active="1" position="67" band="Custom" channel="751,50MHz" finetune="0" norm="SECAM" audio="auto"/>
    <station name="TV1000 &#x420;&#x443;&#x441;&#x441;&#x43A;&#x43E;&#x435; &#x43A;&#x438;&#x43D;&#x43E;" active="1" position="69" band="Custom" channel="767,50MHz" finetune="0" norm="SECAM" audio="auto"/>
    <station name="24_DOC" active="1" position="70" band="Custom" channel="775,50MHz" finetune="0" norm="SECAM" audio="auto"/>
    <station name="TV1000" active="1" position="71" band="Custom" channel="791,50MHz" finetune="0" norm="SECAM" audio="auto"/>
    <station name="???" active="1" position="72" band="Custom" channel="799,50MHz" finetune="0" norm="SECAM" audio="auto"/>
    <station name="&#x41A;&#x430;&#x440;&#x443;&#x441;&#x435;&#x43B;&#x44C;" active="1" position="73" band="Custom" channel="807,50MHz" finetune="0" norm="SECAM" audio="auto"/>
    <station name="???" active="1" position="74" band="Custom" channel="815,50MHz" finetune="0" norm="SECAM" audio="auto"/>
    <station name="&#x41F;&#x430;&#x440;&#x43A; &#x440;&#x430;&#x437;&#x432;&#x43B;&#x435;&#x447;&#x435;&#x43D;&#x438;&#x439;" active="1" position="75" band="Custom" channel="823,50MHz" finetune="0" norm="SECAM" audio="auto"/>
    <station name="Universal Channel" active="1" position="76" band="Custom" channel="831,50MHz" finetune="0" norm="SECAM" audio="auto"/>
    <station name="&#x421;&#x43E;&#x432;&#x435;&#x440;&#x448;&#x435;&#x43D;&#x43D;&#x43E; &#x421;&#x435;&#x43A;&#x440;&#x435;&#x442;&#x43D;&#x43E;" active="1" position="78" band="Custom" channel="839,50MHz" finetune="0" norm="SECAM" audio="auto"/>
    <station name="Sony Entertainment Television" active="1" position="79" band="Custom" channel="847,50MHz" finetune="0" norm="SECAM" audio="auto"/>
    <station name="&#x41C;&#x430;&#x442;&#x44C; &#x438; &#x414;&#x438;&#x442;&#x44F;" active="1" position="81" band="Custom" channel="855,50MHz" finetune="0" norm="SECAM" audio="auto"/>
    <station name="&#x421;&#x43E;&#x432;&#x435;&#x440;&#x448;&#x435;&#x43D;&#x43D;&#x43E; &#x421;&#x435;&#x43A;&#x440;&#x435;" active="1" position="78" band="Custom" channel="839,50MHz" finetune="0" norm="SECAM" audio="auto"/>
  </list>
</stationlist>
